config,precision_mean,precision_std,recall_mean,recall_std,fscore_mean,fscore_std,dim_precision_mean,dim_precision_std,dim_recall_mean,dim_recall_std,dim_fscore_mean,dim_fscore_std,time_mean,time_std
UnivariateDimByDim_MatrixProfile,0.8611666666666666,0.07466238827028118,0.867,0.0738835419953441,0.8618148148148148,0.0743731831399623,0.0,0.0,0.0,0.0,0.0,0.0,0.1605692625045776,0.006751919245869419
MatrixProfile_default,0.04329666677080861,0.06357009849727323,0.13000000000000003,0.045825756949558406,0.05156186200547251,0.04632274886961137,0.0,0.0,0.0,0.0,0.0,0.0,0.17661380767822266,0.008854415808413804
mMotifs_default_exclusion,0.27716106116106115,0.09050428035028728,0.53,0.16155494421403513,0.3555323108264285,0.11238004009165443,0.7063333333333335,0.08599030953155903,0.8866666666666667,0.0520683311727111,0.7819047619047621,0.05908600902569946,1.2194247245788574,0.0590996111380877
mMotifs_non_overlap,0.4538767898767898,0.10723473298872936,0.8400000000000001,0.14966629547095764,0.5806431999373176,0.12538403130722772,0.9003333333333334,0.04865867514294518,0.96,0.06798692684790383,0.9211904761904762,0.05098185618299863,1.2389468669891357,0.06476201932937967
UnivariateDimByDim_Pepa,0.8611666666666666,0.07466238827028118,0.867,0.0738835419953441,0.8618148148148148,0.0743731831399623,0.0,0.0,0.0,0.0,0.0,0.0,0.16825745105743403,0.007005554310081938
UnivariateAfterPCA_MatrixProfile,0.09235294117647055,0.0886315596082927,0.165,0.06726812023536854,0.08403210261568043,0.05718107378475711,0.0,0.0,0.0,0.0,0.0,0.0,0.03595180511474605,0.0013666584479925597
mStamp_MP_reworked_automatic_radius,0.36890870240870244,0.16950830813807186,0.51,0.13747727084867523,0.4020038228025844,0.15186662098292233,0.882,0.07545712542747558,0.8733333333333334,0.06960204339273704,0.8587142857142858,0.07835035276102963,1.2059597015380858,0.08418222416838922
mStamp_MP_reworked_extended,0.86,0.12806248474865695,0.72,0.18867962264113203,0.7666666666666668,0.16666666666666674,0.8969999999999999,0.06229767250869019,0.9600000000000002,0.03265986323710893,0.9235714285714287,0.048660632372145976,1.192896270751953,0.06700670107275397
