config,precision_mean,precision_std,recall_mean,recall_std,fscore_mean,fscore_std,dim_precision_mean,dim_precision_std,dim_recall_mean,dim_recall_std,dim_fscore_mean,dim_fscore_std,time_mean,time_std
UnivariateDimByDim_MatrixProfile,0.9718333333333333,0.05360581436125503,0.976,0.04049142570416061,0.9715291005291006,0.05262847003190114,0.0,0.0,0.0,0.0,0.0,0.0,0.1605692625045776,0.006751919245869419
MatrixProfile_default,0.08483733253779019,0.09960064448526797,0.21000000000000002,0.09433981132056604,0.09681688487307143,0.08543369001559917,0.0,0.0,0.0,0.0,0.0,0.0,0.17661380767822266,0.008854415808413804
mMotifs_default_exclusion,0.3160658230658231,0.08106297703108971,0.605,0.13124404748406687,0.4061496934438111,0.09699973010041406,0.7063333333333335,0.08599030953155903,0.8866666666666667,0.0520683311727111,0.7819047619047621,0.05908600902569946,1.2194247245788574,0.0590996111380877
mMotifs_non_overlap,0.484987900987901,0.06872581278612473,0.9,0.09999999999999998,0.6212585845527021,0.07771546787283513,0.9003333333333334,0.04865867514294518,0.96,0.06798692684790383,0.9211904761904762,0.05098185618299863,1.2389468669891357,0.06476201932937967
UnivariateDimByDim_Pepa,0.9718333333333333,0.05360581436125503,0.976,0.04049142570416061,0.9715291005291006,0.05262847003190114,0.0,0.0,0.0,0.0,0.0,0.0,0.16825745105743403,0.007005554310081938
UnivariateAfterPCA_MatrixProfile,0.15781512605042014,0.09947494229640769,0.22000000000000003,0.06782329983125268,0.13558444156761987,0.07215635329772585,0.0,0.0,0.0,0.0,0.0,0.0,0.03595180511474605,0.0013666584479925597
mStamp_MP_reworked_automatic_radius,0.4559050394050394,0.14931919942904584,0.6199999999999999,0.11445523142259598,0.49309727836662826,0.12505307433462118,0.882,0.07545712542747558,0.8733333333333334,0.06960204339273704,0.8587142857142858,0.07835035276102963,1.2059597015380858,0.08418222416838922
mStamp_MP_reworked_extended,0.86,0.12806248474865695,0.72,0.18867962264113203,0.7666666666666668,0.16666666666666674,0.8969999999999999,0.06229767250869019,0.9600000000000002,0.03265986323710893,0.9235714285714287,0.048660632372145976,1.192896270751953,0.06700670107275397
