config,precision_mean,precision_std,recall_mean,recall_std,fscore_mean,fscore_std,dim_precision_mean,dim_precision_std,dim_recall_mean,dim_recall_std,dim_fscore_mean,dim_fscore_std,time_mean,time_std
UnivariateDimByDim_MatrixProfile,0.991,0.018138357147217073,0.9901666666666665,0.016269432824915747,0.9884285714285713,0.021755234989149247,0.0,0.0,0.0,0.0,0.0,0.0,0.1605692625045776,0.006751919245869419
MatrixProfile_default,0.09372124274149443,0.09723626727726785,0.24000000000000005,0.08,0.11109120443434754,0.0808481918074932,0.0,0.0,0.0,0.0,0.0,0.0,0.17661380767822266,0.008854415808413804
mMotifs_default_exclusion,0.34844461094461093,0.06762655245229335,0.67,0.10535653752852737,0.45100683630095395,0.07720080904580438,0.7063333333333335,0.08599030953155903,0.8866666666666667,0.0520683311727111,0.7819047619047621,0.05908600902569946,1.2194247245788574,0.0590996111380877
mMotifs_non_overlap,0.5055131535131535,0.052688380586141156,0.95,0.08062257748298547,0.6503281816222992,0.05554838298746179,0.9003333333333334,0.04865867514294518,0.96,0.06798692684790383,0.9211904761904762,0.05098185618299863,1.2389468669891357,0.06476201932937967
UnivariateDimByDim_Pepa,0.991,0.018138357147217073,0.9901666666666665,0.016269432824915747,0.9884285714285713,0.021755234989149247,0.0,0.0,0.0,0.0,0.0,0.0,0.16825745105743403,0.007005554310081938
UnivariateAfterPCA_MatrixProfile,0.23636041083099907,0.11740719859562962,0.315,0.09500000000000001,0.21487965367965364,0.10157421588453802,0.0,0.0,0.0,0.0,0.0,0.0,0.03595180511474605,0.0013666584479925597
mStamp_MP_reworked_automatic_radius,0.5144050394050395,0.13267470052626462,0.6749999999999999,0.1030776406404415,0.5514971007664508,0.10757978608218279,0.882,0.07545712542747558,0.8733333333333334,0.06960204339273704,0.8587142857142858,0.07835035276102963,1.2059597015380858,0.08418222416838922
mStamp_MP_reworked_extended,0.86,0.12806248474865695,0.72,0.18867962264113203,0.7666666666666668,0.16666666666666674,0.8969999999999999,0.06229767250869019,0.9600000000000002,0.03265986323710893,0.9235714285714287,0.048660632372145976,1.192896270751953,0.06700670107275397
