config,precision_mean,precision_std,recall_mean,recall_std,fscore_mean,fscore_std,dim_precision_mean,dim_precision_std,dim_recall_mean,dim_recall_std,dim_fscore_mean,dim_fscore_std,time_mean,time_std
UnivariateDimByDim_MatrixProfile,0.752922882864793,0.08988920525691627,0.7710353279913523,0.08501158493178125,0.7506789492449873,0.08941155723456892,0.0,0.0,0.0,0.0,0.0,0.0,6.513987469673157,0.12426195311389795
MatrixProfile_default,0.000664515999419567,0.0012953497307044756,0.020999999999999998,0.0029999999999999996,0.0010495833080841099,0.0017750244828212513,0.0,0.0,0.0,0.0,0.0,0.0,13.30829393863678,0.19216465116680703
mMotifs_default_exclusion,0.018122092533824137,0.0016749559304506916,0.5895000000000001,0.0442972911135659,0.03505720132216812,0.0032129400408609505,0.5459000000000003,0.037692336385825455,0.6113333333333334,0.0368842031829948,0.5726571428571429,0.03744377977703275,22.422658729553223,0.4270978618302177
mMotifs_non_overlap,0.006625715933271291,0.0007903272580134225,0.18049999999999997,0.021846052274953447,0.01277729801342856,0.0015217548985241294,0.1689999999999999,0.017860571099491726,0.18733333333333327,0.014742229591664015,0.1767428571428571,0.016166581807758165,21.838138365745543,0.17489156594426777
UnivariateDimByDim_Pepa,0.752922882864793,0.08988920525691627,0.7710353279913523,0.08501158493178125,0.7506789492449873,0.08941155723456892,0.0,0.0,0.0,0.0,0.0,0.0,6.520017600059509,0.1257654598992806
UnivariateAfterPCA_MatrixProfile,0.07699793815472408,0.026348892606303295,0.07449999999999998,0.019931131427994728,0.054526903107855976,0.018141856490497446,0.0,0.0,0.0,0.0,0.0,0.0,1.3010075569152832,0.017752813894698672
mStamp_MP_reworked_automatic_radius,,,,,,,,,,,,,,
mStamp_MP_reworked_extended,0.8500000000000003,0.036055512754639925,0.7515000000000004,0.056659068117998604,0.7843809523809526,0.049364579183910205,0.9301666666666673,0.01621813114319223,0.9740000000000004,0.0128062484748657,0.9489523809523813,0.013443085705595359,1684.0128697395326,45.96995830436484
