config,precision_mean,precision_std,recall_mean,recall_std,fscore_mean,fscore_std,dim_precision_mean,dim_precision_std,dim_recall_mean,dim_recall_std,dim_fscore_mean,dim_fscore_std,time_mean,time_std
UnivariateDimByDim_MatrixProfile,0.6414537445513798,0.06973434452370487,0.6605096180076152,0.06547198465329931,0.641149488518045,0.06941773027506642,0.0,0.0,0.0,0.0,0.0,0.0,6.513987469673157,0.12426195311389795
MatrixProfile_default,0.00041385775824000703,0.000645552414501275,0.0185,0.005024937810560446,0.00068579106572357,0.0008915005524057986,0.0,0.0,0.0,0.0,0.0,0.0,13.30829393863678,0.19216465116680703
mMotifs_default_exclusion,0.01084809783470306,0.0014623380565378123,0.5035000000000002,0.0325614803103299,0.021008071497578377,0.002838470738209163,0.5459000000000003,0.037692336385825455,0.6113333333333334,0.0368842031829948,0.5726571428571429,0.03744377977703275,22.422658729553223,0.4270978618302177
mMotifs_non_overlap,0.0061106648887543896,0.0007999904997970617,0.16499999999999998,0.02156385865284779,0.01178062361554177,0.0015396330537542297,0.1689999999999999,0.017860571099491726,0.18733333333333327,0.014742229591664015,0.1767428571428571,0.016166581807758165,21.838138365745543,0.17489156594426777
UnivariateDimByDim_Pepa,0.6414537445513798,0.06973434452370487,0.6605096180076152,0.06547198465329931,0.641149488518045,0.06941773027506642,0.0,0.0,0.0,0.0,0.0,0.0,6.520017600059509,0.1257654598992806
UnivariateAfterPCA_MatrixProfile,0.05798010214188689,0.03420649634432954,0.056999999999999995,0.015999999999999976,0.04080324846021518,0.022471060163105565,0.0,0.0,0.0,0.0,0.0,0.0,1.3010075569152832,0.017752813894698672
mStamp_MP_reworked_automatic_radius,,,,,,,,,,,,,,
mStamp_MP_reworked_extended,0.8280000000000005,0.03249615361854387,0.7295000000000004,0.04952019789944306,0.7623809523809525,0.04297180428744907,0.9301666666666673,0.01621813114319223,0.9740000000000004,0.0128062484748657,0.9489523809523813,0.013443085705595359,1684.0128697395326,45.96995830436484
