config,precision_mean,precision_std,recall_mean,recall_std,fscore_mean,fscore_std,dim_precision_mean,dim_precision_std,dim_recall_mean,dim_recall_std,dim_fscore_mean,dim_fscore_std,time_mean,time_std
UnivariateDimByDim_MatrixProfile,0.7719292338213294,0.09011273656003861,0.7904823022940344,0.08501009637782764,0.7684971396536977,0.09032352423652555,0.0,0.0,0.0,0.0,0.0,0.0,6.513987469673157,0.12426195311389795
MatrixProfile_default,0.00080273519874185,0.001340010005494289,0.020999999999999998,0.0029999999999999996,0.0013192692187108499,0.001859306414130532,0.0,0.0,0.0,0.0,0.0,0.0,13.30829393863678,0.19216465116680703
mMotifs_default_exclusion,0.02193423013664899,0.001713877757627281,0.6130000000000002,0.03675595189897824,0.042331946249207816,0.0032760833099535337,0.5459000000000003,0.037692336385825455,0.6113333333333334,0.0368842031829948,0.5726571428571429,0.03744377977703275,22.422658729553223,0.4270978618302177
mMotifs_non_overlap,0.00677456614815272,0.0005986943019944268,0.18549999999999997,0.016194134740701617,0.013066371310501859,0.001150603941432544,0.1689999999999999,0.017860571099491726,0.18733333333333327,0.014742229591664015,0.1767428571428571,0.016166581807758165,21.838138365745543,0.17489156594426777
UnivariateDimByDim_Pepa,0.7719292338213294,0.09011273656003861,0.7904823022940344,0.08501009637782764,0.7684971396536977,0.09032352423652555,0.0,0.0,0.0,0.0,0.0,0.0,6.520017600059509,0.1257654598992806
UnivariateAfterPCA_MatrixProfile,0.09203733563697834,0.030681778169747962,0.09149999999999997,0.020377683872314818,0.06740523074730452,0.020422496071205866,0.0,0.0,0.0,0.0,0.0,0.0,1.3010075569152832,0.017752813894698672
mStamp_MP_reworked_automatic_radius,,,,,,,,,,,,,,
mStamp_MP_reworked_extended,0.8520000000000005,0.03370459909270546,0.7530000000000003,0.054918120870983966,0.7860952380952384,0.047355844029209594,0.9301666666666673,0.01621813114319223,0.9740000000000004,0.0128062484748657,0.9489523809523813,0.013443085705595359,1684.0128697395326,45.96995830436484
