config,precision_mean,precision_std,recall_mean,recall_std,fscore_mean,fscore_std,dim_precision_mean,dim_precision_std,dim_recall_mean,dim_recall_std,dim_fscore_mean,dim_fscore_std,time_mean,time_std
UnivariateDimByDim_MatrixProfile,0.5799999999999998,0.059999999999999984,0.5799999999999998,0.059999999999999984,0.5799999999999998,0.059999999999999984,0.0,0.0,0.0,0.0,0.0,0.0,0.027304387092590275,0.005678745881970827
MatrixProfile_default,0.31333333333333335,0.2809507667427397,0.575,0.37165171868296265,0.38103174603174605,0.3327614993046839,0.0,0.0,0.0,0.0,0.0,0.0,0.01294679641723628,0.0014210423423056298
mMotifs_default_exclusion,0.9,0.30000000000000004,0.9,0.30000000000000004,0.9,0.30000000000000004,0.975,0.075,1.0,0.0,0.9857142857142858,0.0428571428571428,0.229885721206665,0.012110253910543295
mMotifs_non_overlap,0.9,0.3,0.9,0.3,0.9,0.3,0.975,0.075,1.0,0.0,0.9857142857142858,0.0428571428571428,0.24178082942962648,0.03229698064596639
UnivariateDimByDim_Pepa,0.5799999999999998,0.059999999999999984,0.5799999999999998,0.059999999999999984,0.5799999999999998,0.059999999999999984,0.0,0.0,0.0,0.0,0.0,0.0,0.02461121082305903,0.0017662962322204504
UnivariateAfterPCA_MatrixProfile,0.4,0.48989794855663565,0.3,0.3840572873934304,0.3380952380952381,0.4208026020974357,0.0,0.0,0.0,0.0,0.0,0.0,0.00550591945648189,0.000326391782423973
mStamp_MP_reworked_automatic_radius,0.9,0.30000000000000004,0.9,0.30000000000000004,0.9,0.30000000000000004,0.975,0.075,1.0,0.0,0.9857142857142858,0.0428571428571428,0.17797236442565917,0.3763610490595518
mStamp_MP_reworked_extended,0.9,0.3,0.9,0.3,0.9,0.3,0.975,0.075,1.0,0.0,0.9857142857142858,0.0428571428571428,0.052669310569763136,0.005730846123305412
