config,precision_mean,precision_std,recall_mean,recall_std,fscore_mean,fscore_std,dim_precision_mean,dim_precision_std,dim_recall_mean,dim_recall_std,dim_fscore_mean,dim_fscore_std,time_mean,time_std
UnivariateDimByDim_MatrixProfile,0.4600000000000001,0.15620499351813308,0.4600000000000001,0.15620499351813308,0.4600000000000001,0.15620499351813308,0.0,0.0,0.0,0.0,0.0,0.0,0.027304387092590275,0.005678745881970827
MatrixProfile_default,0.09666666666666666,0.23965252624024921,0.2,0.3122498999199199,0.1088888888888889,0.2667499869832341,0.0,0.0,0.0,0.0,0.0,0.0,0.01294679641723628,0.0014210423423056298
mMotifs_default_exclusion,0.9,0.30000000000000004,0.9,0.30000000000000004,0.9,0.30000000000000004,0.975,0.075,1.0,0.0,0.9857142857142858,0.0428571428571428,0.229885721206665,0.012110253910543295
mMotifs_non_overlap,0.9,0.3,0.9,0.3,0.9,0.3,0.975,0.075,1.0,0.0,0.9857142857142858,0.0428571428571428,0.24178082942962648,0.03229698064596639
UnivariateDimByDim_Pepa,0.4600000000000001,0.15620499351813308,0.4600000000000001,0.15620499351813308,0.4600000000000001,0.15620499351813308,0.0,0.0,0.0,0.0,0.0,0.0,0.02461121082305903,0.0017662962322204504
UnivariateAfterPCA_MatrixProfile,0.1,0.30000000000000004,0.075,0.22500000000000003,0.08571428571428572,0.2571428571428571,0.0,0.0,0.0,0.0,0.0,0.0,0.00550591945648189,0.000326391782423973
mStamp_MP_reworked_automatic_radius,0.9,0.30000000000000004,0.9,0.30000000000000004,0.9,0.30000000000000004,0.975,0.075,1.0,0.0,0.9857142857142858,0.0428571428571428,0.17797236442565917,0.3763610490595518
mStamp_MP_reworked_extended,0.9,0.3,0.9,0.3,0.9,0.3,0.975,0.075,1.0,0.0,0.9857142857142858,0.0428571428571428,0.052669310569763136,0.005730846123305412
