config,precision_mean,precision_std,recall_mean,recall_std,fscore_mean,fscore_std,dim_precision_mean,dim_precision_std,dim_recall_mean,dim_recall_std,dim_fscore_mean,dim_fscore_std,time_mean,time_std
UnivariateDimByDim_MatrixProfile,0.7411678715147961,0.08635898016891741,0.7565058066933067,0.08066199856689316,0.7411574607601822,0.08628872815544222,0.0,0.0,0.0,0.0,0.0,0.0,1.3059216499328614,0.010460400251588273
MatrixProfile_default,0.0018239594289383698,0.0020803267803380467,0.03749999999999999,0.009682458365518542,0.0033259046190176,0.0034622488779238324,0.0,0.0,0.0,0.0,0.0,0.0,2.360879063606262,0.02717890248167895
mMotifs_default_exclusion,0.05401861563164352,0.0093956642920824,0.7250000000000001,0.07945124291035355,0.09864863547245217,0.016683747138370175,0.8204166666666668,0.04347932139407069,0.9333333333333338,0.023570226039551508,0.868809523809524,0.028837058860411394,6.042319416999817,0.07170169373754814
mMotifs_non_overlap,0.03500199444064956,0.006052505074116691,0.33499999999999996,0.05024937810560442,0.06327014492674844,0.010729334161663355,0.3433333333333334,0.06067330549755797,0.3733333333333333,0.05333333333333333,0.3548333333333332,0.05644555199602578,5.735108709335327,0.06921823213020677
UnivariateDimByDim_Pepa,0.7411678715147961,0.08635898016891741,0.7565058066933067,0.08066199856689316,0.7411574607601822,0.08628872815544222,0.0,0.0,0.0,0.0,0.0,0.0,1.359108281135559,0.02153406011526933
UnivariateAfterPCA_MatrixProfile,0.07755868759302491,0.033921729706983865,0.08875000000000001,0.019724667297574376,0.060950656792013336,0.020397384525175588,0.0,0.0,0.0,0.0,0.0,0.0,0.2851018190383911,0.0051398843034901045
mStamp_MP_reworked_automatic_radius,0.08201211680840587,0.03295127015836716,0.24624999999999994,0.05334147073337967,0.1117189924461763,0.0389209475361421,0.8892500000000003,0.042136435144262935,0.5616666666666665,0.026925824035672608,0.6386785714285717,0.024421913253035197,77.89099698066711,3.0682761752747267
mStamp_MP_reworked_extended,0.8350000000000002,0.059371710435189656,0.7325000000000003,0.10049875621120896,0.7669047619047621,0.08627100946917186,0.9137500000000001,0.03511142976297042,0.9600000000000003,0.021343747458109432,0.9335714285714289,0.02840127907438725,81.04438393115997,2.775769602904562
