config,precision_mean,precision_std,recall_mean,recall_std,fscore_mean,fscore_std,dim_precision_mean,dim_precision_std,dim_recall_mean,dim_recall_std,dim_fscore_mean,dim_fscore_std,time_mean,time_std
UnivariateDimByDim_MatrixProfile,0.8911937815125756,0.06812994150225364,0.9085776653901654,0.0603015030421966,0.8889625096840652,0.06823199885634679,0.0,0.0,0.0,0.0,0.0,0.0,1.3059216499328614,0.010460400251588273
MatrixProfile_default,0.00228867763419387,0.002167356478850925,0.0475,0.010897247358851685,0.00421685172542901,0.003629613725352803,0.0,0.0,0.0,0.0,0.0,0.0,2.360879063606262,0.02717890248167895
mMotifs_default_exclusion,0.08184851133285931,0.006646490835883342,0.8987500000000003,0.04048533685175413,0.14936508000316087,0.011564526404874736,0.8204166666666668,0.04347932139407069,0.9333333333333338,0.023570226039551508,0.868809523809524,0.028837058860411394,6.042319416999817,0.07170169373754814
mMotifs_non_overlap,0.03594970685895021,0.006555036348348895,0.345,0.0567890834580027,0.06499741765402116,0.011667639740868976,0.3433333333333334,0.06067330549755797,0.3733333333333333,0.05333333333333333,0.3548333333333332,0.05644555199602578,5.735108709335327,0.06921823213020677
UnivariateDimByDim_Pepa,0.8911937815125756,0.06812994150225364,0.9085776653901654,0.0603015030421966,0.8889625096840652,0.06823199885634679,0.0,0.0,0.0,0.0,0.0,0.0,1.359108281135559,0.02153406011526933
UnivariateAfterPCA_MatrixProfile,0.07960720756955848,0.03525647835754164,0.10625,0.029181543824821878,0.06458933623988053,0.0231126038608234,0.0,0.0,0.0,0.0,0.0,0.0,0.2851018190383911,0.0051398843034901045
mStamp_MP_reworked_automatic_radius,0.13600284440968838,0.05754316536917894,0.35000000000000003,0.08177713616898068,0.17651218192147305,0.0647956700594653,0.8892500000000003,0.042136435144262935,0.5616666666666665,0.026925824035672608,0.6386785714285717,0.024421913253035197,77.89099698066711,3.0682761752747267
mStamp_MP_reworked_extended,0.8450000000000003,0.0687386354243377,0.7425000000000003,0.10712142642814282,0.7769047619047622,0.09362957117620195,0.9137500000000001,0.03511142976297042,0.9600000000000003,0.021343747458109432,0.9335714285714289,0.02840127907438725,81.04438393115997,2.775769602904562
