config,precision_mean,precision_std,recall_mean,recall_std,fscore_mean,fscore_std,dim_precision_mean,dim_precision_std,dim_recall_mean,dim_recall_std,dim_fscore_mean,dim_fscore_std,time_mean,time_std
UnivariateDimByDim_MatrixProfile,0.9092056363816523,0.058380475334258664,0.925797945110445,0.05184674397334499,0.9060826433187252,0.058823435106702064,0.0,0.0,0.0,0.0,0.0,0.0,1.3059216499328614,0.010460400251588273
MatrixProfile_default,0.00788481476278537,0.014797381383973051,0.053750000000000006,0.00800390529679106,0.008671591024565831,0.009917817486696815,0.0,0.0,0.0,0.0,0.0,0.0,2.360879063606262,0.02717890248167895
mMotifs_default_exclusion,0.093008996209358,0.004934426936054743,0.9450000000000003,0.025124689052802237,0.16899482753476697,0.00823406706714586,0.8204166666666668,0.04347932139407069,0.9333333333333338,0.023570226039551508,0.868809523809524,0.028837058860411394,6.042319416999817,0.07170169373754814
mMotifs_non_overlap,0.03760002135888532,0.006431839299688545,0.3662499999999999,0.05478651750202777,0.06805910100640247,0.01144231832310166,0.3433333333333334,0.06067330549755797,0.3733333333333333,0.05333333333333333,0.3548333333333332,0.05644555199602578,5.735108709335327,0.06921823213020677
UnivariateDimByDim_Pepa,0.9092056363816523,0.058380475334258664,0.925797945110445,0.05184674397334499,0.9060826433187252,0.058823435106702064,0.0,0.0,0.0,0.0,0.0,0.0,1.359108281135559,0.02153406011526933
UnivariateAfterPCA_MatrixProfile,0.09209236444018569,0.03588776174181837,0.12625,0.02589039397150997,0.07542837197460003,0.021822510956587212,0.0,0.0,0.0,0.0,0.0,0.0,0.2851018190383911,0.0051398843034901045
mStamp_MP_reworked_automatic_radius,0.20336296090138384,0.04087894493711646,0.44125000000000003,0.051250000000000025,0.2508044695552435,0.04441285815960152,0.8892500000000003,0.042136435144262935,0.5616666666666665,0.026925824035672608,0.6386785714285717,0.024421913253035197,77.89099698066711,3.0682761752747267
mStamp_MP_reworked_extended,0.8450000000000003,0.0687386354243377,0.7425000000000003,0.10712142642814282,0.7769047619047622,0.09362957117620195,0.9137500000000001,0.03511142976297042,0.9600000000000003,0.021343747458109432,0.9335714285714289,0.02840127907438725,81.04438393115997,2.775769602904562
