config,precision_mean,precision_std,recall_mean,recall_std,fscore_mean,fscore_std,dim_precision_mean,dim_precision_std,dim_recall_mean,dim_recall_std,dim_fscore_mean,dim_fscore_std,time_mean,time_std
MatrixProfile_default,0.01830293456403115,0.01881027198053303,0.10166666666666664,0.02291287847477921,0.024007226891879903,0.013989310541614803,0.0,0.0,0.0,0.0,0.0,0.0,1.3184767723083497,0.03537847723083489
mMotifs_default_exclusion,0.11507821532884784,0.01248186019232697,0.8383333333333333,0.042196629670573846,0.2009960769389852,0.020205209569786754,0.8116666666666665,0.054458614935937684,0.9355555555555555,0.030550504633038947,0.8647619047619047,0.03558388893765607,4.253530263900757,0.08755744476823449
mMotifs_non_overlap,0.07496934146562216,0.014930654975831526,0.5033333333333333,0.08225975119502044,0.13000814969236052,0.02512340223488969,0.4927777777777778,0.0799710595801405,0.5266666666666666,0.07373626676905361,0.5071111111111108,0.07683119484876982,4.060526919364929,0.10260329650347007
UnivariateDimByDim_Pepa,0.9421101254198719,0.046089778373108646,0.9507047258297259,0.04006069386403481,0.9402661269680896,0.04590767528515677,0.0,0.0,0.0,0.0,0.0,0.0,0.8432392835617065,0.023412852763283667
UnivariateAfterPCA_MatrixProfile,0.16306349651106677,0.11521607284535826,0.1583333333333333,0.07719024117939606,0.1240297871247209,0.08316486838010426,0.0,0.0,0.0,0.0,0.0,0.0,0.1816111087799072,0.006634761197163101
mStamp_MP_reworked_extended,0.8933333333333332,0.07423685817106697,0.7983333333333333,0.12702799341527485,0.8301587301587301,0.10861829490656799,0.9316666666666666,0.04824385075636544,0.9777777777777779,0.024343224778007294,0.9514285714285713,0.03685959003674607,33.91836183071136,0.7751383592919348
