config,precision_mean,precision_std,recall_mean,recall_std,fscore_mean,fscore_std,dim_precision_mean,dim_precision_std,dim_recall_mean,dim_recall_std,dim_fscore_mean,dim_fscore_std,time_mean,time_std
MatrixProfile_default,0.023832190066020623,0.021461587763157902,0.11666666666666663,0.038005847503304616,0.031940553825268704,0.021210053143270863,0.0,0.0,0.0,0.0,0.0,0.0,1.3184767723083497,0.03537847723083489
mMotifs_default_exclusion,0.13016365215837566,0.009683395667953499,0.9049999999999999,0.03419714088113861,0.2267539979500889,0.01530072344301478,0.8116666666666665,0.054458614935937684,0.9355555555555555,0.030550504633038947,0.8647619047619047,0.03558388893765607,4.253530263900757,0.08755744476823449
mMotifs_non_overlap,0.07783470086787009,0.01503791929987242,0.53,0.07986099033807294,0.135172671244354,0.025227870633578817,0.4927777777777778,0.0799710595801405,0.5266666666666666,0.07373626676905361,0.5071111111111108,0.07683119484876982,4.060526919364929,0.10260329650347007
UnivariateDimByDim_Pepa,0.9544758882650564,0.03780268621354715,0.9623295454545454,0.032924094473513243,0.9522443276026509,0.03837980768263374,0.0,0.0,0.0,0.0,0.0,0.0,0.8432392835617065,0.023412852763283667
UnivariateAfterPCA_MatrixProfile,0.20621547758038142,0.1165531862553495,0.20666666666666664,0.06798692684790379,0.16005396449105933,0.08304007656566811,0.0,0.0,0.0,0.0,0.0,0.0,0.1816111087799072,0.006634761197163101
mStamp_MP_reworked_extended,0.8933333333333332,0.07423685817106697,0.7983333333333333,0.12702799341527485,0.8301587301587301,0.10861829490656799,0.9316666666666666,0.04824385075636544,0.9777777777777779,0.024343224778007294,0.9514285714285713,0.03685959003674607,33.91836183071136,0.7751383592919348
