config,precision_mean,precision_std,recall_mean,recall_std,fscore_mean,fscore_std,dim_precision_mean,dim_precision_std,dim_recall_mean,dim_recall_std,dim_fscore_mean,dim_fscore_std,time_mean,time_std
MatrixProfile_default,0.00891175473027429,0.00875505332380365,0.07499999999999996,0.03004626062886657,0.014746412357524222,0.012541549493137578,0.0,0.0,0.0,0.0,0.0,0.0,1.3184767723083497,0.03537847723083489
mMotifs_default_exclusion,0.08353290843079199,0.019798201309739787,0.7,0.09098229375970786,0.1460277098795945,0.033115138972354054,0.8116666666666665,0.054458614935937684,0.9355555555555555,0.030550504633038947,0.8647619047619047,0.03558388893765607,4.253530263900757,0.08755744476823449
mMotifs_non_overlap,0.06906874238958446,0.012266157678620347,0.45166666666666666,0.06601767440112787,0.1194406731672933,0.020475989687331473,0.4927777777777778,0.0799710595801405,0.5266666666666666,0.07373626676905361,0.5071111111111108,0.07683119484876982,4.060526919364929,0.10260329650347007
UnivariateDimByDim_Pepa,0.7977405660386846,0.06531686365019464,0.8046946248196247,0.06123060347642591,0.7967135077526797,0.06533795334211742,0.0,0.0,0.0,0.0,0.0,0.0,0.8432392835617065,0.023412852763283667
UnivariateAfterPCA_MatrixProfile,0.11548127045825249,0.08254244089441784,0.11166666666666662,0.05166666666666666,0.0844819276300458,0.05555160772979823,0.0,0.0,0.0,0.0,0.0,0.0,0.1816111087799072,0.006634761197163101
mStamp_MP_reworked_extended,0.8933333333333332,0.07423685817106697,0.7983333333333333,0.12702799341527485,0.8301587301587301,0.10861829490656799,0.9316666666666666,0.04824385075636544,0.9777777777777779,0.024343224778007294,0.9514285714285713,0.03685959003674607,33.91836183071136,0.7751383592919348
