config,precision_mean,precision_std,recall_mean,recall_std,fscore_mean,fscore_std,dim_precision_mean,dim_precision_std,dim_recall_mean,dim_recall_std,dim_fscore_mean,dim_fscore_std,time_mean,time_std
UnivariateDimByDim_MatrixProfile,0.9559612193362194,0.06137687231355502,0.9640059523809523,0.04843273594083125,0.9544672611201415,0.061801763394396185,0.0,0.0,0.0,0.0,0.0,0.0,0.42242696285247805,0.01511880193022001
MatrixProfile_default,0.01858918633464746,0.032130482819426216,0.09749999999999999,0.030516389039334256,0.01929322445599855,0.018846951716352117,0.0,0.0,0.0,0.0,0.0,0.0,0.6540554761886597,0.05373943536560193
mMotifs_default_exclusion,0.16627089290138822,0.03260838835884357,0.7625,0.10968705484240152,0.269022558082494,0.049648310332475715,0.7725,0.0598667501855395,0.9066666666666668,0.041633319989322806,0.8300000000000001,0.03420957153459403,2.6950502395629883,0.14547611047819534
mMotifs_non_overlap,0.15880890019031085,0.03767297253998117,0.6425,0.10957303500405559,0.2519814667096144,0.055503840282011684,0.691,0.12640806936267948,0.72,0.12666666666666665,0.698357142857143,0.12577030002089895,2.540590000152588,0.11571290712596885
UnivariateDimByDim_Pepa,0.9559612193362194,0.06137687231355502,0.9640059523809523,0.04843273594083125,0.9544672611201415,0.061801763394396185,0.0,0.0,0.0,0.0,0.0,0.0,0.4411051273345947,0.013741139999850563
UnivariateAfterPCA_MatrixProfile,0.11348816853456808,0.09018548832464733,0.155,0.0659545297913646,0.10598059316650146,0.0610484229216814,0.0,0.0,0.0,0.0,0.0,0.0,0.09306099414825436,0.0043014009007943665
mStamp_MP_reworked_automatic_radius,0.24399218469681858,0.07289275249072243,0.4525,0.06656763477847175,0.28678111178869087,0.06603943318082506,0.8791666666666664,0.07122441060947202,0.6933333333333334,0.07571877794400361,0.7333809523809525,0.07395452730457777,8.312135601043702,0.8856236972985291
mStamp_MP_reworked_extended,0.9200000000000002,0.07483314773547886,0.8375,0.11792476415070755,0.8652380952380951,0.10228788682626702,0.9475,0.04249999999999995,0.9866666666666667,0.02666666666666657,0.9642857142857144,0.034552533206993565,8.526388239860534,0.8203113867233058
