config,precision_mean,precision_std,recall_mean,recall_std,fscore_mean,fscore_std,dim_precision_mean,dim_precision_std,dim_recall_mean,dim_recall_std,dim_fscore_mean,dim_fscore_std,time_mean,time_std
UnivariateDimByDim_MatrixProfile,0.8241329365079364,0.0771570386984674,0.8286170634920633,0.07149436677022378,0.8234195434823617,0.07797431697621512,0.0,0.0,0.0,0.0,0.0,0.0,0.42242696285247805,0.01511880193022001
MatrixProfile_default,0.017512855802434578,0.03216796549125189,0.0875,0.023048861143232218,0.01729345339372749,0.01779166211485134,0.0,0.0,0.0,0.0,0.0,0.0,0.6540554761886597,0.05373943536560193
mMotifs_default_exclusion,0.12190836966610956,0.023354230543122863,0.63,0.09407443861113388,0.1998759210777729,0.03680533490648445,0.7725,0.0598667501855395,0.9066666666666668,0.041633319989322806,0.8300000000000001,0.03420957153459403,2.6950502395629883,0.14547611047819534
mMotifs_non_overlap,0.14634893915853667,0.033212291543956926,0.575,0.09287087810503354,0.23101831211967166,0.048441567474871425,0.691,0.12640806936267948,0.72,0.12666666666666665,0.698357142857143,0.12577030002089895,2.540590000152588,0.11571290712596885
UnivariateDimByDim_Pepa,0.8241329365079364,0.0771570386984674,0.8286170634920633,0.07149436677022378,0.8234195434823617,0.07797431697621512,0.0,0.0,0.0,0.0,0.0,0.0,0.4411051273345947,0.013741139999850563
UnivariateAfterPCA_MatrixProfile,0.06204234121374078,0.06272069486190739,0.1,0.04031128874149274,0.06152047108710942,0.04483769889483842,0.0,0.0,0.0,0.0,0.0,0.0,0.09306099414825436,0.0043014009007943665
mStamp_MP_reworked_automatic_radius,0.14364449729649956,0.03721311200658745,0.3275,0.06466258578188781,0.1841091659491249,0.0391742204642615,0.8791666666666664,0.07122441060947202,0.6933333333333334,0.07571877794400361,0.7333809523809525,0.07395452730457777,8.312135601043702,0.8856236972985291
mStamp_MP_reworked_extended,0.89,0.09433981132056606,0.8074999999999999,0.12749999999999997,0.8352380952380953,0.11464625668697426,0.9475,0.04249999999999995,0.9866666666666667,0.02666666666666657,0.9642857142857144,0.034552533206993565,8.526388239860534,0.8203113867233058
