config,precision_mean,precision_std,recall_mean,recall_std,fscore_mean,fscore_std,dim_precision_mean,dim_precision_std,dim_recall_mean,dim_recall_std,dim_fscore_mean,dim_fscore_std,time_mean,time_std
UnivariateDimByDim_MatrixProfile,0.966053391053391,0.05345370188569975,0.9720059523809523,0.04013347601577573,0.9638415039929015,0.05376387193355091,0.0,0.0,0.0,0.0,0.0,0.0,0.42242696285247805,0.01511880193022001
MatrixProfile_default,0.037028609096357176,0.04201050330612822,0.1275,0.04100304866714181,0.03949988362617244,0.0290338145671033,0.0,0.0,0.0,0.0,0.0,0.0,0.6540554761886597,0.05373943536560193
mMotifs_default_exclusion,0.19046629357387618,0.01969829872582876,0.8474999999999999,0.06656763477847168,0.3084383989696696,0.02848221862731261,0.7725,0.0598667501855395,0.9066666666666668,0.041633319989322806,0.8300000000000001,0.03420957153459403,2.6950502395629883,0.14547611047819534
mMotifs_non_overlap,0.1707273684323085,0.04203810894868982,0.7,0.11456439237389598,0.27162285757681176,0.06191797577337766,0.691,0.12640806936267948,0.72,0.12666666666666665,0.698357142857143,0.12577030002089895,2.540590000152588,0.11571290712596885
UnivariateDimByDim_Pepa,0.966053391053391,0.05345370188569975,0.9720059523809523,0.04013347601577573,0.9638415039929015,0.05376387193355091,0.0,0.0,0.0,0.0,0.0,0.0,0.4411051273345947,0.013741139999850563
UnivariateAfterPCA_MatrixProfile,0.147462809090091,0.10304313843893312,0.20750000000000002,0.05814851674806504,0.13910327118507732,0.07010356899345647,0.0,0.0,0.0,0.0,0.0,0.0,0.09306099414825436,0.0043014009007943665
mStamp_MP_reworked_automatic_radius,0.3072822279868618,0.06751251991561942,0.525,0.07905694150420951,0.35060145810903726,0.06741902693703272,0.8791666666666664,0.07122441060947202,0.6933333333333334,0.07571877794400361,0.7333809523809525,0.07395452730457777,8.312135601043702,0.8856236972985291
mStamp_MP_reworked_extended,0.9200000000000002,0.07483314773547886,0.8375,0.11792476415070755,0.8652380952380951,0.10228788682626702,0.9475,0.04249999999999995,0.9866666666666667,0.02666666666666657,0.9642857142857144,0.034552533206993565,8.526388239860534,0.8203113867233058
