config,precision_mean,precision_std,recall_mean,recall_std,fscore_mean,fscore_std,dim_precision_mean,dim_precision_std,dim_recall_mean,dim_recall_std,dim_fscore_mean,dim_fscore_std,time_mean,time_std
UnivariateDimByDim_MatrixProfile,0.78,0.07483314773547885,0.7775000000000001,0.07454025757937789,0.7785714285714286,0.07457361792078966,0.0,0.0,0.0,0.0,0.0,0.0,0.05529894828796382,0.004084589869624958
MatrixProfile_default,0.14256313131313128,0.06709103270156416,0.4375,0.08385254915624211,0.21012276012276004,0.08655265601594521,0.0,0.0,0.0,0.0,0.0,0.0,0.035494947433471626,0.003928882043380582
mMotifs_default_exclusion,0.6599999999999999,0.22449944320643647,0.6625,0.22395591083961144,0.6611111111111111,0.2242270674512285,0.7833333333333333,0.12332207155790618,0.95,0.07637626158259742,0.8547619047619047,0.09063269671749667,0.43898625373840333,0.0275249706918512
mMotifs_non_overlap,1.0,0.0,1.0,0.0,1.0,0.0,0.8875,0.08750000000000001,1.0,0.0,0.9357142857142859,0.049999999999999926,0.4645996570587158,0.024654603543906098
UnivariateDimByDim_Pepa,0.78,0.07483314773547885,0.7775000000000001,0.07454025757937789,0.7785714285714286,0.07457361792078966,0.0,0.0,0.0,0.0,0.0,0.0,0.05337638854980464,0.002197648848412264
UnivariateAfterPCA_MatrixProfile,0.14722222222222223,0.19878100736460938,0.1625,0.20953818267800262,0.1391025641025641,0.18021943122900183,0.0,0.0,0.0,0.0,0.0,0.0,0.012062501907348571,0.0006617640225116949
mStamp_MP_reworked_automatic_radius,0.9800000000000001,0.039999999999999994,0.975,0.049999999999999996,0.9746031746031747,0.050793650793650794,0.9,0.075,1.0,0.0,0.9428571428571431,0.04285714285714277,0.15165863037109376,0.011432244805881507
mStamp_MP_reworked_extended,0.95,0.15,0.725,0.2358495283014151,0.7999999999999999,0.19436506316151003,0.875,0.09682458365518543,0.9833333333333334,0.05000000000000005,0.9214285714285717,0.06738557951468993,0.15090522766113276,0.011226734675271195
