config,precision_mean,precision_std,recall_mean,recall_std,fscore_mean,fscore_std,dim_precision_mean,dim_precision_std,dim_recall_mean,dim_recall_std,dim_fscore_mean,dim_fscore_std,time_mean,time_std
UnivariateDimByDim_MatrixProfile,0.8,0.0894427190999916,0.7975000000000001,0.08975661535508121,0.7985714285714286,0.08954533682408468,0.0,0.0,0.0,0.0,0.0,0.0,0.05529894828796382,0.004084589869624958
MatrixProfile_default,0.2107070707070707,0.03195162014666768,0.4875,0.0375,0.2935531135531135,0.0368273804941127,0.0,0.0,0.0,0.0,0.0,0.0,0.035494947433471626,0.003928882043380582
mMotifs_default_exclusion,0.6599999999999999,0.22449944320643647,0.6625,0.22395591083961144,0.6611111111111111,0.2242270674512285,0.7833333333333333,0.12332207155790618,0.95,0.07637626158259742,0.8547619047619047,0.09063269671749667,0.43898625373840333,0.0275249706918512
mMotifs_non_overlap,1.0,0.0,1.0,0.0,1.0,0.0,0.8875,0.08750000000000001,1.0,0.0,0.9357142857142859,0.049999999999999926,0.4645996570587158,0.024654603543906098
UnivariateDimByDim_Pepa,0.8,0.0894427190999916,0.7975000000000001,0.08975661535508121,0.7985714285714286,0.08954533682408468,0.0,0.0,0.0,0.0,0.0,0.0,0.05337638854980464,0.002197648848412264
UnivariateAfterPCA_MatrixProfile,0.4722222222222222,0.25,0.3875,0.2125,0.3938644688644688,0.19471132177138636,0.0,0.0,0.0,0.0,0.0,0.0,0.012062501907348571,0.0006617640225116949
mStamp_MP_reworked_automatic_radius,0.9800000000000001,0.039999999999999994,0.975,0.049999999999999996,0.9746031746031747,0.050793650793650794,0.9,0.075,1.0,0.0,0.9428571428571431,0.04285714285714277,0.15165863037109376,0.011432244805881507
mStamp_MP_reworked_extended,0.95,0.15,0.725,0.2358495283014151,0.7999999999999999,0.19436506316151003,0.875,0.09682458365518543,0.9833333333333334,0.05000000000000005,0.9214285714285717,0.06738557951468993,0.15090522766113276,0.011226734675271195
