config,precision_mean,precision_std,recall_mean,recall_std,fscore_mean,fscore_std,dim_precision_mean,dim_precision_std,dim_recall_mean,dim_recall_std,dim_fscore_mean,dim_fscore_std,time_mean,time_std
UnivariateDimByDim_MatrixProfile,0.65,0.14317821063276354,0.6475,0.14250000000000002,0.6485714285714286,0.14274281139196338,0.0,0.0,0.0,0.0,0.0,0.0,0.05529894828796382,0.004084589869624958
MatrixProfile_default,0.030340909090909078,0.0336641853611974,0.1625,0.14842927608797396,0.049133749133749106,0.05213659749129564,0.0,0.0,0.0,0.0,0.0,0.0,0.035494947433471626,0.003928882043380582
mMotifs_default_exclusion,0.6375,0.2125,0.65,0.22912878474779202,0.6428571428571429,0.21899585309651276,0.7833333333333333,0.12332207155790618,0.95,0.07637626158259742,0.8547619047619047,0.09063269671749667,0.43898625373840333,0.0275249706918512
mMotifs_non_overlap,1.0,0.0,1.0,0.0,1.0,0.0,0.8875,0.08750000000000001,1.0,0.0,0.9357142857142859,0.049999999999999926,0.4645996570587158,0.024654603543906098
UnivariateDimByDim_Pepa,0.65,0.14317821063276354,0.6475,0.14250000000000002,0.6485714285714286,0.14274281139196338,0.0,0.0,0.0,0.0,0.0,0.0,0.05337638854980464,0.002197648848412264
UnivariateAfterPCA_MatrixProfile,0.02222222222222222,0.06666666666666667,0.05,0.15000000000000002,0.03076923076923076,0.09230769230769227,0.0,0.0,0.0,0.0,0.0,0.0,0.012062501907348571,0.0006617640225116949
mStamp_MP_reworked_automatic_radius,0.93,0.17916472867168917,0.9375,0.1505199322349037,0.9317460317460318,0.16678756008480541,0.9,0.075,1.0,0.0,0.9428571428571431,0.04285714285714277,0.15165863037109376,0.011432244805881507
mStamp_MP_reworked_extended,0.95,0.15,0.725,0.2358495283014151,0.7999999999999999,0.19436506316151003,0.875,0.09682458365518543,0.9833333333333334,0.05000000000000005,0.9214285714285717,0.06738557951468993,0.15090522766113276,0.011226734675271195
